car_id,brand,model,year,mileage,fuel_type,transmission,sale_month,zip_prefix,price
CAR_0,Toyota,Model_T,2018,-500,Diesel,Automatic,10,100,5000.0
CAR_1,Audi,Model_A,2023,107639,Petrol,Automatic,11,100,10.0
CAR_2,Tesla,Model_T,2030,139152,Hybrid,Manual,4,100,34144.8
CAR_3,Mercedes,Model_M,2015,144662,Diesel,Manual,12,100,15751.8
CAR_4,BMW,Model_B,2021,91450,Diesel,Automatic,7,100,33689.0
CAR_5,BMW,Model_B,2017,83194,Diesel,Manual,1,100,28584.6
CAR_6,Audi,Model_A,2015,143206,Diesel,Manual,8,100,17740.4
CAR_7,Toyota,Model_T,2019,74966,Electric,Automatic,4,100,5000.0
CAR_8,Audi,Model_A,2015,30451,Diesel,Automatic,12,100,28505.9
CAR_9,Toyota,Model_T,2019,27357,Electric,Automatic,7,100,6669.299999999999
CAR_10,Tesla,Model_T,2011,69633,Electric,Manual,11,100,16562.7
CAR_11,Mercedes,Model_M,2021,62744,Diesel,Manual,7,100,38797.6
CAR_12,Honda,Model_H,2024,31443,Hybrid,Manual,11,100,16767.7
CAR_13,Audi,Model_A,2018,147389,Petrol,Manual,3,100,24144.1
CAR_14,Ford,Model_F,2019,73469,Hybrid,Automatic,1,100,5000.0
CAR_15,Honda,Model_H,2020,33698,Petrol,Automatic,3,100,10037.2
CAR_16,Mercedes,Model_M,2022,8169,Diesel,Automatic,4,100,45721.1
CAR_17,Audi,Model_A,2015,45503,Hybrid,Automatic,3,100,26884.7
CAR_18,Toyota,Model_T,2021,105151,Petrol,Automatic,5,100,5000.0
CAR_19,Toyota,Model_T,2012,112891,Electric,Automatic,8,100,5000.0
CAR_20,Honda,Model_H,2017,37814,Petrol,Manual,3,100,5000.0
CAR_21,Mercedes,Model_M,2019,81624,Diesel,Automatic,2,100,33782.6
CAR_22,Tesla,Model_T,2018,148499,Hybrid,Manual,4,100,23401.1
CAR_23,Toyota,Model_T,2010,135218,Hybrid,Automatic,4,100,5000.0
CAR_24,Tesla,Model_T,2020,25016,Hybrid,Automatic,5,100,37559.4
CAR_25,Toyota,Model_T,2019,51131,Petrol,Automatic,1,100,5000.0
CAR_26,Mercedes,Model_M,2011,46694,Diesel,Automatic,10,100,17426.6
CAR_27,Toyota,Model_T,2023,47678,Petrol,Automatic,3,100,12239.2
CAR_28,Ford,Model_F,2024,65078,Diesel,Automatic,9,100,13072.2
CAR_29,Toyota,Model_T,2012,103803,Electric,Manual,6,100,5000.0
CAR_30,Audi,Model_A,2024,55144,Electric,Manual,3,100,42879.6
CAR_31,Mercedes,Model_M,2024,141583,Hybrid,Manual,6,100,37727.7
CAR_32,Mercedes,Model_M,2013,62190,Electric,Manual,9,100,22343.0
CAR_33,Mercedes,Model_M,2016,37513,Electric,Automatic,9,100,31842.7
CAR_34,Toyota,Model_T,2013,71938,Hybrid,Automatic,1,100,5000.0
CAR_35,Mercedes,Model_M,2013,20147,Hybrid,Manual,12,100,25571.3
CAR_36,Audi,Model_A,2011,129974,Hybrid,Manual,10,100,9409.599999999999
CAR_37,Tesla,Model_T,2021,144658,Hybrid,Manual,9,100,28438.199999999997
CAR_38,Honda,Model_H,2012,65510,Hybrid,Manual,6,100,5000.0
CAR_39,Toyota,Model_T,2017,9689,Petrol,Automatic,8,100,6291.1
CAR_40,Tesla,Model_T,2011,84887,Diesel,Automatic,3,100,14715.3
CAR_41,Ford,Model_F,2020,46517,Petrol,Manual,11,100,9310.3
CAR_42,Mercedes,Model_M,2019,50790,Petrol,Manual,4,100,33510.0
CAR_43,Audi,Model_A,2015,105630,Diesel,Manual,3,100,23428.0
CAR_44,Honda,Model_H,2014,144748,Electric,Manual,12,100,5000.0
CAR_45,Toyota,Model_T,2018,11654,Electric,Manual,3,100,6639.6
CAR_46,BMW,Model_B,2016,40072,Hybrid,Manual,4,100,31982.8
CAR_47,Toyota,Model_T,2017,147078,Diesel,Automatic,9,100,5000.0
CAR_48,Audi,Model_A,2020,60611,Electric,Automatic,7,100,34710.9
CAR_49,BMW,Model_B,2019,134553,Petrol,Manual,1,100,25946.699999999997
CAR_50,Audi,Model_A,2017,148304,Hybrid,Automatic,7,100,19260.6
CAR_51,Honda,Model_H,2018,39351,Electric,Manual,4,100,5000.0
CAR_52,Mercedes,Model_M,2016,134474,Hybrid,Manual,3,100,19685.6
CAR_53,Ford,Model_F,2010,49983,Hybrid,Automatic,2,100,5000.0
CAR_54,Honda,Model_H,2022,38596,Petrol,Manual,10,100,11498.4
CAR_55,Audi,Model_A,2019,12283,Hybrid,Automatic,8,100,40153.7
CAR_56,Toyota,Model_T,2014,27443,Petrol,Automatic,1,100,5000.0
CAR_57,Ford,Model_F,2016,82223,Diesel,Manual,2,100,5000.0
CAR_58,Honda,Model_H,2014,146487,Electric,Manual,3,100,5000.0
CAR_59,Tesla,Model_T,2011,99120,Diesel,Manual,5,100,13087.0
CAR_60,Toyota,Model_T,2018,39945,Hybrid,Manual,11,100,5000.0
CAR_61,Tesla,Model_T,2011,125508,Electric,Manual,7,100,12141.199999999999
CAR_62,Mercedes,Model_M,2010,17766,Diesel,Automatic,8,100,20522.4
CAR_63,Ford,Model_F,2014,144685,Diesel,Manual,4,100,5000.0
CAR_64,BMW,Model_B,2010,126511,Petrol,Manual,4,100,7625.9
CAR_65,Honda,Model_H,2012,146392,Diesel,Automatic,5,100,5000.0
CAR_66,Honda,Model_H,2022,92742,Petrol,Automatic,8,100,8077.799999999999
CAR_67,Ford,Model_F,2024,145562,Petrol,Manual,11,100,6144.799999999999
CAR_68,Ford,Model_F,2020,32042,Hybrid,Automatic,1,100,9300.8
CAR_69,Tesla,Model_T,2019,44426,Diesel,Automatic,11,100,35396.4
CAR_70,Honda,Model_H,2020,149085,Hybrid,Manual,4,100,5000.0
CAR_71,Audi,Model_A,2020,96420,Petrol,Manual,3,100,33695.0
CAR_72,Toyota,Model_T,2010,104302,Electric,Manual,2,100,5000.0
CAR_73,Audi,Model_A,2013,42977,Petrol,Automatic,1,100,23896.3
CAR_74,BMW,Model_B,2014,38670,Electric,Manual,9,100,25058.0
CAR_75,Mercedes,Model_M,2020,104124,Electric,Automatic,10,100,30546.6
CAR_76,Toyota,Model_T,2019,37583,Electric,Manual,3,100,5000.0
CAR_77,Audi,Model_A,2024,94329,Hybrid,Automatic,6,100,39340.1
CAR_78,Honda,Model_H,2014,51228,Electric,Manual,12,100,5000.0
CAR_79,Ford,Model_F,2023,5651,Diesel,Automatic,8,100,15784.900000000001
CAR_80,Toyota,Model_T,2022,147899,Petrol,Automatic,11,100,5000.0
CAR_81,Ford,Model_F,2010,9493,Electric,Automatic,2,100,5000.0
CAR_82,BMW,Model_B,2015,52269,Petrol,Manual,10,100,28611.1
CAR_83,Audi,Model_A,2013,77201,Hybrid,Automatic,9,100,19510.9
CAR_84,BMW,Model_B,2017,62539,Hybrid,Manual,9,100,28787.1
CAR_85,Honda,Model_H,2020,90535,Hybrid,Manual,1,100,5000.0
CAR_86,Ford,Model_F,2014,117625,Petrol,Automatic,5,100,5000.0
CAR_87,Tesla,Model_T,2024,6170,Diesel,Automatic,10,100,50101.0
CAR_88,Audi,Model_A,2013,149213,Electric,Automatic,11,100,14360.699999999999
CAR_89,Audi,Model_A,2016,104622,Diesel,Automatic,10,100,23955.8
CAR_90,Honda,Model_H,2018,64846,Electric,Manual,12,100,5000.0
CAR_91,Audi,Model_A,2011,98422,Hybrid,Automatic,11,100,13525.8
CAR_92,Ford,Model_F,2012,87377,Hybrid,Automatic,11,100,5000.0
CAR_93,Toyota,Model_T,2016,25108,Hybrid,Manual,4,100,5000.0
CAR_94,Tesla,Model_T,2016,24834,Petrol,Manual,9,100,33207.6
CAR_95,Honda,Model_H,2022,146791,Petrol,Manual,9,100,5000.0
CAR_96,Mercedes,Model_M,2013,11184,Hybrid,Manual,10,100,26720.6
CAR_97,Tesla,Model_T,2012,64492,Hybrid,Manual,10,100,20989.8
CAR_98,Toyota,Model_T,2015,32574,Diesel,Manual,8,100,5000.0
CAR_99,Audi,Model_A,2020,120154,Diesel,Manual,1,100,29872.6
CAR_100,BMW,Model_B,2021,107397,Diesel,Automatic,5,100,31569.300000000003
CAR_101,Toyota,Model_T,2013,108650,Electric,Manual,10,100,5000.0
CAR_102,Tesla,Model_T,2020,142308,Petrol,Automatic,8,100,29068.199999999997
CAR_103,Tesla,Model_T,2011,47215,Petrol,Manual,7,100,18107.5
CAR_104,Ford,Model_F,2024,143047,Electric,Manual,11,100,7321.299999999999
CAR_105,Audi,Model_A,2021,64243,Electric,Automatic,3,100,37026.7
CAR_106,Toyota,Model_T,2017,53923,Hybrid,Automatic,10,100,5000.0
CAR_107,Mercedes,Model_M,2011,82592,Hybrid,Manual,1,100,15741.8
CAR_108,Honda,Model_H,2017,49973,Petrol,Automatic,3,100,5000.0
CAR_109,Ford,Model_F,2018,132929,Diesel,Automatic,2,100,5000.0
CAR_110,BMW,Model_B,2015,18394,Diesel,Automatic,2,100,29164.6
CAR_111,Honda,Model_H,2011,86291,Diesel,Manual,1,100,5000.0
CAR_112,Ford,Model_F,2016,77001,Hybrid,Manual,7,100,5000.0
CAR_113,Mercedes,Model_M,2018,72860,Hybrid,Automatic,3,100,30321.0
CAR_114,Toyota,Model_T,2014,122376,Diesel,Manual,12,100,5000.0
CAR_115,Honda,Model_H,2023,145257,Petrol,Automatic,10,100,5000.0
CAR_116,Tesla,Model_T,2021,13223,Diesel,Automatic,6,100,41716.7
CAR_117,Mercedes,Model_M,2021,130676,Hybrid,Manual,5,100,30645.4
CAR_118,Toyota,Model_T,2022,134689,Electric,Automatic,12,100,5000.0
CAR_119,Tesla,Model_T,2017,18972,Electric,Manual,6,100,34199.8
CAR_120,Toyota,Model_T,2017,24995,Diesel,Manual,11,100,5063.5
CAR_121,Ford,Model_F,2012,32010,Electric,Automatic,5,100,5000.0
CAR_122,Ford,Model_F,2010,121209,Petrol,Manual,7,100,5000.0
CAR_123,BMW,Model_B,2010,42370,Petrol,Automatic,8,100,18644.0
CAR_124,Ford,Model_F,2015,18985,Diesel,Manual,3,100,5000.0
CAR_125,Ford,Model_F,2016,37951,Electric,Manual,3,100,5000.0
CAR_126,Audi,Model_A,2022,20211,Hybrid,Manual,6,100,45265.9
CAR_127,Honda,Model_H,2010,106055,Diesel,Automatic,8,100,5000.0
CAR_128,Mercedes,Model_M,2021,31438,Electric,Manual,12,100,39473.2
CAR_129,BMW,Model_B,2022,127840,Diesel,Automatic,5,100,32858.0
CAR_130,Ford,Model_F,2021,90745,Petrol,Manual,7,100,6663.5
CAR_131,BMW,Model_B,2024,17330,Hybrid,Automatic,11,100,47832.0
CAR_132,BMW,Model_B,2023,124589,Diesel,Manual,12,100,37055.1
CAR_133,Honda,Model_H,2016,23913,Hybrid,Automatic,6,100,5000.0
CAR_134,Honda,Model_H,2016,53709,Diesel,Automatic,1,100,5000.0
CAR_135,Toyota,Model_T,2012,143659,Diesel,Automatic,10,100,5000.0
CAR_136,Toyota,Model_T,2024,98282,Hybrid,Manual,5,100,12159.8
CAR_137,Toyota,Model_T,2017,58299,Electric,Manual,5,100,5000.0
CAR_138,Honda,Model_H,2012,62236,Electric,Automatic,12,100,5000.0
CAR_139,Toyota,Model_T,2024,10652,Diesel,Automatic,8,100,18323.8
CAR_140,Mercedes,Model_M,2020,95802,Diesel,Automatic,3,100,30632.8
CAR_141,Audi,Model_A,2021,130878,Electric,Automatic,12,100,29582.199999999997
CAR_142,Toyota,Model_T,2010,65092,Petrol,Automatic,8,100,5000.0
CAR_143,Toyota,Model_T,2017,49967,Electric,Automatic,9,100,5000.0
CAR_144,Ford,Model_F,2010,20859,Petrol,Automatic,11,100,5000.0
CAR_145,Mercedes,Model_M,2024,14958,Petrol,Manual,3,100,49627.2
CAR_146,Toyota,Model_T,2013,93272,Diesel,Automatic,5,100,5000.0
CAR_147,BMW,Model_B,2010,130403,Petrol,Automatic,12,100,7989.699999999999
CAR_148,Ford,Model_F,2010,9333,Hybrid,Automatic,5,100,5000.0
CAR_149,Tesla,Model_T,2023,142209,Diesel,Automatic,8,100,33114.1
CAR_150,BMW,Model_B,2018,126070,Hybrid,Automatic,9,100,25949.0
CAR_151,BMW,Model_B,2017,112928,Petrol,Automatic,9,100,22784.199999999997
CAR_152,Audi,Model_A,2013,97677,Petrol,Automatic,8,100,18463.3
CAR_153,Ford,Model_F,2018,18204,Petrol,Manual,7,100,6353.6
CAR_154,Ford,Model_F,2013,11472,Electric,Automatic,11,100,5000.0
CAR_155,Honda,Model_H,2023,29182,Petrol,Manual,12,100,14638.8
CAR_156,Mercedes,Model_M,2017,73836,Diesel,Automatic,11,100,26621.4
CAR_157,Tesla,Model_T,2010,14724,Hybrid,Manual,8,100,18542.6
CAR_158,Tesla,Model_T,2020,9362,Diesel,Manual,3,100,42523.8
CAR_159,Tesla,Model_T,2016,76024,Diesel,Automatic,10,100,27183.6
CAR_160,Honda,Model_H,2010,59766,Hybrid,Manual,7,100,5000.0
CAR_161,Audi,Model_A,2023,76014,Petrol,Manual,9,100,41722.6
CAR_162,Tesla,Model_T,2010,103605,Petrol,Manual,6,100,10559.5
CAR_163,Toyota,Model_T,2010,118839,Petrol,Automatic,2,100,5000.0
CAR_164,Honda,Model_H,2015,90640,Petrol,Automatic,3,100,5000.0
CAR_165,Tesla,Model_T,2020,99999,Electric,Manual,6,100,32472.1
CAR_166,Honda,Model_H,2017,54548,Diesel,Automatic,3,100,5000.0
CAR_167,Audi,Model_A,2015,66578,Electric,Manual,7,100,26654.2
CAR_168,Honda,Model_H,2014,140961,Diesel,Automatic,11,100,5000.0
CAR_169,Toyota,Model_T,2011,18594,Electric,Automatic,2,100,5000.0
CAR_170,BMW,Model_B,2012,14760,Petrol,Manual,3,100,26028.0
CAR_171,Honda,Model_H,2023,91576,Hybrid,Manual,12,100,7046.4
CAR_172,Ford,Model_F,2015,35532,Electric,Automatic,10,100,5000.0
CAR_173,Toyota,Model_T,2023,67463,Electric,Automatic,8,100,11865.7
CAR_174,BMW,Model_B,2014,5544,Petrol,Automatic,7,100,30155.6
CAR_175,Mercedes,Model_M,2012,117548,Hybrid,Automatic,4,100,15714.199999999999
CAR_176,Toyota,Model_T,2018,133885,Hybrid,Automatic,1,100,5000.0
CAR_177,Honda,Model_H,2018,82178,Electric,Manual,6,100,5000.0
CAR_178,Tesla,Model_T,2017,79348,Petrol,Manual,2,100,26144.2
CAR_179,Ford,Model_F,2018,121785,Diesel,Manual,10,100,5000.0
CAR_180,Mercedes,Model_M,2021,92997,Diesel,Manual,3,100,33325.3
CAR_181,Tesla,Model_T,2021,86583,Diesel,Automatic,7,100,37026.7
CAR_182,Tesla,Model_T,2021,127454,Diesel,Manual,9,100,31191.6
CAR_183,Toyota,Model_T,2018,112744,Diesel,Manual,1,100,5000.0
CAR_184,Tesla,Model_T,2017,33767,Hybrid,Automatic,6,100,31183.3
CAR_185,Toyota,Model_T,2012,118653,Hybrid,Manual,11,100,5000.0
CAR_186,Mercedes,Model_M,2014,40495,Electric,Automatic,10,100,27451.5
CAR_187,Tesla,Model_T,2016,112275,Diesel,Automatic,12,100,23206.5
CAR_188,Ford,Model_F,2016,87326,Hybrid,Manual,8,100,5000.0
CAR_189,Audi,Model_A,2020,104784,Electric,Automatic,9,100,31206.6
CAR_190,Tesla,Model_T,2019,98183,Electric,Automatic,2,100,30466.699999999997
CAR_191,Mercedes,Model_M,2020,65137,Hybrid,Manual,7,100,33876.3
CAR_192,Honda,Model_H,2018,127845,Hybrid,Automatic,10,100,5000.0
CAR_193,Ford,Model_F,2011,140246,Hybrid,Manual,4,100,5000.0
CAR_194,Tesla,Model_T,2010,128027,Diesel,Automatic,1,100,11060.3
CAR_195,Ford,Model_F,2020,8135,Electric,Automatic,9,100,11715.5
CAR_196,Tesla,Model_T,2021,100334,Diesel,Automatic,3,100,33188.6
CAR_197,Tesla,Model_T,2012,26840,Diesel,Automatic,4,100,23423.0
CAR_198,Audi,Model_A,2023,68111,Electric,Automatic,2,100,39453.9
CAR_199,Honda,Model_H,2023,17342,Hybrid,Automatic,8,100,15804.8
CAR_200,Ford,Model_F,2014,55917,Diesel,Automatic,9,100,5000.0
CAR_201,Mercedes,Model_M,2018,119243,Petrol,Automatic,4,100,25894.699999999997
CAR_202,BMW,Model_B,2016,39349,Hybrid,Automatic,4,100,28127.1
CAR_203,Honda,Model_H,2011,5558,Electric,Automatic,1,100,5000.0
CAR_204,Audi,Model_A,2010,25447,Electric,Manual,11,100,19241.3
CAR_205,Ford,Model_F,2018,49017,Diesel,Manual,10,100,5000.0
CAR_206,Tesla,Model_T,2010,125957,Electric,Automatic,6,100,7494.299999999999
CAR_207,Tesla,Model_T,2011,57882,Electric,Automatic,12,100,16876.8
CAR_208,BMW,Model_B,2017,89079,Diesel,Automatic,6,100,25675.1
CAR_209,Audi,Model_A,2011,88146,Hybrid,Automatic,6,100,15357.4
CAR_210,Mercedes,Model_M,2015,41611,Electric,Automatic,10,100,26431.9
CAR_211,Tesla,Model_T,2013,34545,Petrol,Automatic,11,100,25731.5
CAR_212,Honda,Model_H,2020,29261,Petrol,Automatic,1,100,8137.9
CAR_213,Audi,Model_A,2014,61679,Hybrid,Automatic,9,100,22989.1
CAR_214,Audi,Model_A,2013,28522,Diesel,Automatic,8,100,24444.8
CAR_215,Mercedes,Model_M,2023,45989,Diesel,Automatic,3,100,41976.1
CAR_216,Audi,Model_A,2010,140059,Electric,Manual,11,100,7038.0999999999985
CAR_217,Honda,Model_H,2012,126824,Petrol,Automatic,1,100,5000.0
CAR_218,BMW,Model_B,2017,43388,Hybrid,Automatic,10,100,32197.2
CAR_219,Tesla,Model_T,2018,101069,Diesel,Automatic,4,100,25907.1
CAR_220,Tesla,Model_T,2013,136667,Diesel,Automatic,4,100,15803.3
CAR_221,Audi,Model_A,2016,96600,Hybrid,Manual,5,100,26046.0
CAR_222,Toyota,Model_T,2010,128162,Petrol,Automatic,4,100,5000.0
CAR_223,Audi,Model_A,2018,95183,Electric,Manual,2,100,30419.699999999997
CAR_224,Audi,Model_A,2015,130220,Hybrid,Manual,10,100,17788.0
CAR_225,Audi,Model_A,2011,112650,Electric,Manual,10,100,11585.0
CAR_226,Audi,Model_A,2022,86567,Petrol,Manual,7,100,35839.3
CAR_227,Toyota,Model_T,2017,15298,Diesel,Manual,2,100,5000.0
CAR_228,Ford,Model_F,2011,68054,Diesel,Automatic,9,100,5000.0
CAR_229,Ford,Model_F,2021,62637,Petrol,Automatic,9,100,6769.299999999999
CAR_230,BMW,Model_B,2010,28383,Hybrid,Automatic,5,100,18013.7
CAR_231,Ford,Model_F,2014,115802,Hybrid,Automatic,9,100,5000.0
CAR_232,Audi,Model_A,2024,134291,Hybrid,Manual,12,100,35644.9
CAR_233,Tesla,Model_T,2016,19230,Electric,Automatic,10,100,33672.0
CAR_234,Honda,Model_H,2019,98195,Diesel,Automatic,3,100,5000.0
CAR_235,Ford,Model_F,2015,139091,Petrol,Automatic,7,100,5000.0
CAR_236,BMW,Model_B,2019,133789,Hybrid,Manual,1,100,26126.1
CAR_237,Audi,Model_A,2019,21668,Hybrid,Automatic,12,100,37059.2
CAR_238,BMW,Model_B,2013,43689,Electric,Manual,8,100,23394.1
CAR_239,Honda,Model_H,2022,106109,Petrol,Manual,3,100,6014.0999999999985
CAR_240,Mercedes,Model_M,2019,137300,Electric,Manual,4,100,25263.0
CAR_241,Toyota,Model_T,2024,21142,Diesel,Automatic,3,100,19444.8
CAR_242,Tesla,Model_T,2013,85296,Petrol,Manual,7,100,18818.4
CAR_243,BMW,Model_B,2014,133292,Petrol,Automatic,8,100,17819.8
CAR_244,Tesla,Model_T,2015,18433,Electric,Automatic,9,100,29872.7
CAR_245,Audi,Model_A,2015,21958,Petrol,Automatic,10,100,30269.2
CAR_246,Toyota,Model_T,2016,99518,Electric,Automatic,1,100,5000.0
CAR_247,Honda,Model_H,2010,35620,Electric,Manual,9,100,5000.0
CAR_248,Audi,Model_A,2018,120144,Diesel,Manual,2,100,25870.6
CAR_249,Tesla,Model_T,2015,145340,Petrol,Manual,4,100,18385.0
CAR_250,Audi,Model_A,2019,60213,Electric,Manual,10,100,33557.7
CAR_251,Mercedes,Model_M,2022,138228,Petrol,Automatic,8,100,33933.2
CAR_252,Honda,Model_H,2010,144940,Diesel,Automatic,3,100,5000.0
CAR_253,Tesla,Model_T,2021,12169,Petrol,Automatic,4,100,44515.1
CAR_254,Ford,Model_F,2021,84447,Hybrid,Automatic,7,100,5177.299999999999
CAR_255,Honda,Model_H,2016,60113,Hybrid,Automatic,11,100,5000.0
CAR_256,BMW,Model_B,2013,35290,Hybrid,Automatic,5,100,24299.0
CAR_257,Mercedes,Model_M,2010,39004,Electric,Automatic,4,100,18525.6
CAR_258,BMW,Model_B,2015,98708,Petrol,Automatic,4,100,22036.199999999997
CAR_259,Honda,Model_H,2019,123370,Electric,Automatic,11,100,5000.0
CAR_260,BMW,Model_B,2013,43896,Electric,Automatic,12,100,24997.4
CAR_261,Honda,Model_H,2016,17511,Electric,Automatic,1,100,5000.0
CAR_262,Mercedes,Model_M,2022,35324,Diesel,Manual,8,100,44148.6
CAR_263,Audi,Model_A,2015,24554,Hybrid,Manual,12,100,29870.6
CAR_264,Mercedes,Model_M,2024,66451,Diesel,Automatic,2,100,44527.9
CAR_265,BMW,Model_B,2016,113400,Electric,Automatic,9,100,22713.0
CAR_266,Mercedes,Model_M,2016,144805,Diesel,Manual,2,100,18431.5
CAR_267,Tesla,Model_T,2021,130843,Petrol,Manual,2,100,31217.699999999997
CAR_268,Honda,Model_H,2020,139477,Diesel,Automatic,1,100,5000.0
CAR_269,Tesla,Model_T,2020,143592,Diesel,Manual,7,100,28438.8
CAR_270,BMW,Model_B,2022,103705,Hybrid,Manual,7,100,36310.5
CAR_271,Mercedes,Model_M,2023,26199,Diesel,Automatic,10,100,46551.1
CAR_272,Ford,Model_F,2018,104672,Hybrid,Automatic,7,100,5000.0
CAR_273,Toyota,Model_T,2013,79926,Electric,Manual,4,100,5000.0
CAR_274,Toyota,Model_T,2021,147233,Hybrid,Manual,5,100,5000.0
CAR_275,Audi,Model_A,2015,100451,Electric,Manual,1,100,22963.9
CAR_276,Ford,Model_F,2023,105272,Hybrid,Manual,3,100,7470.799999999999
CAR_277,BMW,Model_B,2010,117322,Electric,Automatic,6,100,10280.8
CAR_278,Audi,Model_A,2011,63700,Petrol,Manual,11,100,15762.0
CAR_279,BMW,Model_B,2015,146761,Petrol,Manual,8,100,17978.9
CAR_280,Honda,Model_H,2015,34003,Hybrid,Manual,7,100,5000.0
CAR_281,Tesla,Model_T,2012,143116,Diesel,Automatic,1,100,13571.4
CAR_282,BMW,Model_B,2013,139490,Diesel,Manual,4,100,14533.0
CAR_283,Audi,Model_A,2021,117729,Electric,Manual,7,100,33241.1
CAR_284,Tesla,Model_T,2014,50081,Hybrid,Manual,11,100,23715.9
CAR_285,Tesla,Model_T,2019,24334,Electric,Automatic,8,100,35870.6
CAR_286,BMW,Model_B,2019,132581,Electric,Automatic,7,100,25939.9
CAR_287,Audi,Model_A,2011,92769,Diesel,Manual,5,100,15007.1
CAR_288,Toyota,Model_T,2015,105688,Diesel,Automatic,6,100,5000.0
CAR_289,BMW,Model_B,2012,140170,Electric,Automatic,3,100,11689.0
CAR_290,Honda,Model_H,2023,125824,Hybrid,Manual,7,100,5000.0
CAR_291,BMW,Model_B,2013,138783,Hybrid,Automatic,7,100,15174.699999999999
CAR_292,Audi,Model_A,2012,83781,Diesel,Automatic,8,100,19350.9
CAR_293,Tesla,Model_T,2016,110384,Electric,Manual,6,100,22578.6
CAR_294,Ford,Model_F,2022,61376,Petrol,Automatic,9,100,10359.4
CAR_295,Ford,Model_F,2016,15709,Diesel,Manual,4,100,5000.0
CAR_296,Tesla,Model_T,2019,35882,Hybrid,Automatic,12,100,36059.8
CAR_297,Mercedes,Model_M,2010,128414,Hybrid,Automatic,3,100,7671.5999999999985
CAR_298,Tesla,Model_T,2024,104686,Diesel,Manual,7,100,38885.4
CAR_299,Ford,Model_F,2010,122066,Diesel,Manual,2,100,5000.0
CAR_300,Ford,Model_F,2010,114961,Diesel,Automatic,11,100,5000.0
CAR_301,Mercedes,Model_M,2024,61344,Petrol,Manual,9,100,42083.6
CAR_302,Tesla,Model_T,2021,50268,Electric,Automatic,5,100,37578.2
CAR_303,Tesla,Model_T,2012,56793,Electric,Manual,9,100,21404.7
CAR_304,Honda,Model_H,2012,87678,Diesel,Manual,1,100,5000.0
CAR_305,Ford,Model_F,2015,86079,Electric,Manual,6,100,5000.0
CAR_306,Toyota,Model_T,2010,133718,Petrol,Manual,4,100,5000.0
CAR_307,Tesla,Model_T,2012,78880,Petrol,Manual,7,100,16439.0
CAR_308,Honda,Model_H,2024,121972,Petrol,Manual,12,100,7439.799999999999
CAR_309,Honda,Model_H,2010,89343,Petrol,Automatic,9,100,5000.0
CAR_310,Audi,Model_A,2013,64375,Diesel,Manual,11,100,21244.5
CAR_311,BMW,Model_B,2012,91078,Petrol,Manual,12,100,17532.199999999997
CAR_312,Mercedes,Model_M,2014,97188,Electric,Automatic,8,100,21847.199999999997
CAR_313,Honda,Model_H,2023,107536,Diesel,Manual,9,100,7012.4
CAR_314,Mercedes,Model_M,2021,107137,Petrol,Manual,9,100,33340.3
CAR_315,Ford,Model_F,2024,21595,Petrol,Automatic,8,100,18864.5
CAR_316,Mercedes,Model_M,2020,42516,Hybrid,Automatic,8,100,37631.4
CAR_317,BMW,Model_B,2023,144876,Petrol,Manual,4,100,33115.4
CAR_318,Honda,Model_H,2024,130844,Petrol,Automatic,3,100,7205.5999999999985
CAR_319,Honda,Model_H,2018,111555,Hybrid,Automatic,1,100,5000.0
CAR_320,Ford,Model_F,2015,93577,Electric,Manual,6,100,5000.0
CAR_321,Honda,Model_H,2017,107812,Petrol,Automatic,8,100,5000.0
CAR_322,Tesla,Model_T,2014,129403,Petrol,Automatic,10,100,16242.699999999997
CAR_323,Tesla,Model_T,2022,73939,Electric,Automatic,10,100,38019.1
CAR_324,Ford,Model_F,2014,10922,Hybrid,Automatic,2,100,5000.0
CAR_325,BMW,Model_B,2020,140547,Petrol,Automatic,11,100,29589.3
CAR_326,Honda,Model_H,2023,44625,Diesel,Manual,2,100,13771.5
CAR_327,BMW,Model_B,2014,60215,Diesel,Automatic,6,100,23535.5
CAR_328,Audi,Model_A,2015,31478,Diesel,Automatic,6,100,28232.2
CAR_329,Toyota,Model_T,2016,17210,Diesel,Manual,10,100,5000.0
CAR_330,Honda,Model_H,2023,112154,Electric,Manual,2,100,5405.5999999999985
CAR_331,Mercedes,Model_M,2019,104680,Hybrid,Automatic,10,100,30151.0
CAR_332,Toyota,Model_T,2018,146211,Diesel,Manual,1,100,5000.0
CAR_333,BMW,Model_B,2023,108990,Electric,Automatic,7,100,37136.0
CAR_334,BMW,Model_B,2015,16425,Electric,Manual,9,100,28937.5
CAR_335,Audi,Model_A,2012,24305,Hybrid,Manual,4,100,23333.5
CAR_336,BMW,Model_B,2017,116396,Hybrid,Automatic,1,100,23302.4
CAR_337,BMW,Model_B,2016,9111,Petrol,Manual,12,100,32429.9
CAR_338,Tesla,Model_T,2012,95487,Electric,Manual,8,100,15280.3
CAR_339,Honda,Model_H,2018,123145,Hybrid,Manual,5,100,5000.0
CAR_340,Toyota,Model_T,2014,93487,Hybrid,Manual,6,100,5000.0
CAR_341,Toyota,Model_T,2012,120181,Diesel,Automatic,11,100,5000.0
CAR_342,Tesla,Model_T,2010,19014,Petrol,Manual,6,100,20326.6
CAR_343,Mercedes,Model_M,2016,25314,Electric,Automatic,9,100,32217.6
CAR_344,Honda,Model_H,2024,90665,Hybrid,Manual,12,100,11860.5
CAR_345,Mercedes,Model_M,2018,88996,Electric,Automatic,12,100,30823.4
CAR_346,Honda,Model_H,2019,79789,Diesel,Manual,3,100,5000.0
CAR_347,Ford,Model_F,2024,9135,Hybrid,Manual,7,100,18748.5
CAR_348,BMW,Model_B,2022,84920,Hybrid,Automatic,5,100,37661.0
CAR_349,Ford,Model_F,2013,32785,Hybrid,Manual,10,100,5000.0
CAR_350,BMW,Model_B,2014,37881,Petrol,Manual,11,100,24538.9
CAR_351,Audi,Model_A,2023,93916,Hybrid,Manual,1,100,40021.4
CAR_352,Toyota,Model_T,2018,60512,Diesel,Automatic,11,100,5000.0
CAR_353,BMW,Model_B,2015,98801,Diesel,Manual,2,100,22202.9
CAR_354,Toyota,Model_T,2020,128463,Electric,Manual,8,100,5000.0
CAR_355,Tesla,Model_T,2014,40793,Electric,Automatic,3,100,24713.7
CAR_356,BMW,Model_B,2013,102822,Petrol,Automatic,7,100,18876.8
CAR_357,Honda,Model_H,2019,128595,Electric,Automatic,1,100,5000.0
CAR_358,Tesla,Model_T,2016,32290,Diesel,Automatic,3,100,32435.0
CAR_359,Mercedes,Model_M,2017,149187,Hybrid,Manual,10,100,19635.3
CAR_360,Honda,Model_H,2017,24900,Petrol,Manual,8,100,5000.0
CAR_361,Honda,Model_H,2013,59620,Hybrid,Manual,3,100,5000.0
CAR_362,Audi,Model_A,2019,16217,Petrol,Automatic,12,100,36839.3
CAR_363,Mercedes,Model_M,2018,55869,Petrol,Automatic,6,100,31818.1
CAR_364,Audi,Model_A,2012,84310,Hybrid,Automatic,8,100,17333.0
CAR_365,BMW,Model_B,2021,81878,Electric,Manual,8,100,36861.2
CAR_366,Mercedes,Model_M,2019,69552,Electric,Automatic,11,100,34034.8
CAR_367,Audi,Model_A,2023,145611,Electric,Automatic,9,100,31575.9
CAR_368,Mercedes,Model_M,2017,78050,Petrol,Manual,8,100,28846.0
CAR_369,Mercedes,Model_M,2011,110505,Diesel,Manual,9,100,13226.5
CAR_370,Toyota,Model_T,2014,39971,Petrol,Automatic,2,100,5000.0
CAR_371,Mercedes,Model_M,2010,146492,Electric,Manual,4,100,8739.8
CAR_372,Audi,Model_A,2012,134274,Diesel,Automatic,11,100,10602.599999999999
CAR_373,Toyota,Model_T,2011,33712,Electric,Manual,6,100,5000.0
CAR_374,Audi,Model_A,2016,27525,Hybrid,Manual,10,100,31078.5
CAR_375,Tesla,Model_T,2012,69038,Petrol,Automatic,11,100,19237.2
CAR_376,Ford,Model_F,2014,143120,Hybrid,Automatic,9,100,5000.0
CAR_377,Tesla,Model_T,2010,46003,Hybrid,Manual,12,100,18176.7
CAR_378,Ford,Model_F,2016,115511,Electric,Manual,12,100,5000.0
CAR_379,Toyota,Model_T,2011,134776,Hybrid,Manual,4,100,5000.0
CAR_380,Ford,Model_F,2017,25337,Diesel,Manual,3,100,5000.0
CAR_381,Audi,Model_A,2021,88112,Diesel,Manual,3,100,34801.8
CAR_382,Toyota,Model_T,2024,48277,Diesel,Automatic,9,100,14054.3
CAR_383,Audi,Model_A,2015,102014,Electric,Manual,12,100,20938.6
CAR_384,BMW,Model_B,2021,94876,Electric,Manual,9,100,36033.4
CAR_385,Mercedes,Model_M,2015,137597,Diesel,Manual,3,100,19656.3
CAR_386,Audi,Model_A,2020,52287,Diesel,Manual,11,100,37263.3
CAR_387,Mercedes,Model_M,2019,50568,Diesel,Manual,2,100,35659.2
CAR_388,Audi,Model_A,2014,53704,Petrol,Manual,6,100,25884.6
CAR_389,Honda,Model_H,2010,58599,Diesel,Manual,8,100,5000.0
CAR_390,Toyota,Model_T,2019,75979,Electric,Automatic,10,100,5000.0
CAR_391,Mercedes,Model_M,2020,66743,Petrol,Manual,6,100,35380.7
CAR_392,Tesla,Model_T,2019,47067,Petrol,Manual,8,100,34419.3
CAR_393,Audi,Model_A,2023,76591,Hybrid,Automatic,2,100,41999.9
CAR_394,Tesla,Model_T,2016,41152,Hybrid,Manual,5,100,27992.8
CAR_395,Mercedes,Model_M,2018,30042,Hybrid,Manual,7,100,36253.8
CAR_396,Honda,Model_H,2016,45478,Diesel,Manual,5,100,5000.0
CAR_397,Tesla,Model_T,2016,110499,Petrol,Automatic,3,100,22239.1
CAR_398,BMW,Model_B,2012,102271,Hybrid,Manual,5,100,15737.9
CAR_399,Audi,Model_A,2019,5433,Hybrid,Manual,4,100,37650.7
CAR_400,Audi,Model_A,2014,148494,Electric,Automatic,1,100,13194.599999999999
CAR_401,Honda,Model_H,2017,39096,Petrol,Manual,8,100,5000.0
CAR_402,Honda,Model_H,2021,124757,Electric,Manual,5,100,5000.0
CAR_403,Toyota,Model_T,2023,80299,Petrol,Automatic,9,100,9895.099999999999
CAR_404,Tesla,Model_T,2023,101676,Diesel,Automatic,5,100,37261.4
CAR_405,Ford,Model_F,2011,22961,Petrol,Automatic,5,100,5000.0
CAR_406,Audi,Model_A,2014,69388,Electric,Automatic,10,100,21763.2
CAR_407,BMW,Model_B,2014,41171,Petrol,Manual,5,100,25914.9
CAR_408,Tesla,Model_T,2020,106289,Electric,Automatic,6,100,31724.1
CAR_409,Honda,Model_H,2020,110625,Diesel,Automatic,6,100,5000.0
CAR_410,BMW,Model_B,2012,136986,Hybrid,Automatic,10,100,12293.4
CAR_411,Mercedes,Model_M,2017,141556,Petrol,Automatic,4,100,20071.4
CAR_412,BMW,Model_B,2023,9330,Electric,Automatic,12,100,46673.0
CAR_413,Ford,Model_F,2017,109512,Electric,Automatic,6,100,5000.0
CAR_414,Honda,Model_H,2014,141450,Petrol,Automatic,8,100,5000.0
CAR_415,Audi,Model_A,2023,31473,Hybrid,Manual,12,100,46568.7
CAR_416,Honda,Model_H,2021,68986,Petrol,Manual,5,100,8107.4
CAR_417,Ford,Model_F,2015,36042,Diesel,Manual,12,100,5000.0
CAR_418,BMW,Model_B,2011,58445,Diesel,Manual,12,100,17994.5
CAR_419,Mercedes,Model_M,2016,76410,Petrol,Manual,5,100,26946.0
CAR_420,Audi,Model_A,2024,148684,Diesel,Automatic,5,100,36848.6
CAR_421,BMW,Model_B,2017,43336,Electric,Manual,1,100,32086.4
CAR_422,Tesla,Model_T,2023,6031,Electric,Manual,8,100,47797.9
CAR_423,Tesla,Model_T,2018,48959,Petrol,Automatic,6,100,32182.1
CAR_424,Tesla,Model_T,2014,80246,Hybrid,Automatic,11,100,23593.4
CAR_425,Honda,Model_H,2010,26335,Hybrid,Automatic,5,100,5000.0
CAR_426,Audi,Model_A,2024,77096,Petrol,Manual,10,100,43583.4
CAR_427,BMW,Model_B,2013,122794,Petrol,Automatic,1,100,16698.6
CAR_428,Honda,Model_H,2020,48853,Hybrid,Automatic,12,100,6771.7
CAR_429,Mercedes,Model_M,2019,76753,Petrol,Automatic,8,100,32298.7
CAR_430,Audi,Model_A,2018,107995,Diesel,Manual,8,100,25959.5
CAR_431,Tesla,Model_T,2022,36904,Diesel,Automatic,4,100,41467.6
CAR_432,Ford,Model_F,2024,87688,Petrol,Manual,8,100,9275.199999999999
CAR_433,Ford,Model_F,2015,46805,Petrol,Manual,5,100,5000.0
CAR_434,BMW,Model_B,2012,40871,Petrol,Manual,5,100,23622.9
CAR_435,Ford,Model_F,2020,115422,Hybrid,Manual,2,100,5000.0
CAR_436,Mercedes,Model_M,2021,104341,Diesel,Manual,1,100,34339.9
CAR_437,Tesla,Model_T,2016,71279,Electric,Automatic,3,100,25096.1
CAR_438,Honda,Model_H,2016,42676,Petrol,Automatic,10,100,5000.0
CAR_439,BMW,Model_B,2011,70831,Petrol,Manual,5,100,18364.9
CAR_440,Mercedes,Model_M,2010,119400,Hybrid,Manual,5,100,9114.0
CAR_441,Honda,Model_H,2012,9049,Petrol,Automatic,2,100,5000.0
CAR_442,BMW,Model_B,2017,92081,Petrol,Automatic,3,100,25794.9
CAR_443,Mercedes,Model_M,2023,40683,Hybrid,Manual,9,100,45873.7
CAR_444,BMW,Model_B,2015,24230,Hybrid,Automatic,10,100,30418.0
CAR_445,Tesla,Model_T,2011,59980,Hybrid,Automatic,1,100,18460.0
CAR_446,Honda,Model_H,2023,149537,Hybrid,Manual,10,100,5000.0
CAR_447,Ford,Model_F,2021,104262,Electric,Automatic,1,100,5000.0
CAR_448,Ford,Model_F,2010,91624,Hybrid,Manual,6,100,5000.0
CAR_449,Ford,Model_F,2021,136172,Hybrid,Manual,2,100,5000.0
CAR_450,Audi,Model_A,2014,27287,Hybrid,Automatic,6,100,26771.3
CAR_451,Toyota,Model_T,2017,113976,Diesel,Manual,10,100,5000.0
CAR_452,Ford,Model_F,2019,91383,Diesel,Automatic,10,100,5000.0
CAR_453,Audi,Model_A,2012,14959,Electric,Manual,8,100,26309.1
CAR_454,Mercedes,Model_M,2017,94654,Hybrid,Manual,4,100,25018.6
CAR_455,BMW,Model_B,2020,60194,Diesel,Automatic,9,100,34029.6
CAR_456,BMW,Model_B,2011,75915,Petrol,Manual,3,100,17288.5
CAR_457,Toyota,Model_T,2014,64133,Electric,Automatic,2,100,5000.0
CAR_458,Audi,Model_A,2018,36403,Hybrid,Manual,8,100,34616.7
CAR_459,Tesla,Model_T,2017,35352,Diesel,Manual,7,100,33766.8
CAR_460,Ford,Model_F,2014,14940,Diesel,Automatic,10,100,5000.0
CAR_461,Tesla,Model_T,2022,56028,Electric,Manual,9,100,39721.2
CAR_462,Audi,Model_A,2010,131466,Petrol,Automatic,3,100,9659.4
CAR_463,Toyota,Model_T,2019,54388,Petrol,Automatic,2,100,5000.0
CAR_464,Honda,Model_H,2023,89827,Hybrid,Automatic,11,100,10824.3
CAR_465,BMW,Model_B,2024,85530,Electric,Manual,5,100,42891.0
CAR_466,Toyota,Model_T,2020,80608,Diesel,Automatic,6,100,5432.2
CAR_467,Toyota,Model_T,2022,53291,Hybrid,Manual,8,100,9581.9
CAR_468,BMW,Model_B,2019,149974,Petrol,Automatic,2,100,23933.6
CAR_469,Honda,Model_H,2013,43975,Petrol,Manual,12,100,5000.0
CAR_470,Toyota,Model_T,2023,115742,Diesel,Manual,8,100,7572.799999999999
CAR_471,Toyota,Model_T,2022,135736,Petrol,Automatic,1,100,5000.0
CAR_472,BMW,Model_B,2019,20204,Electric,Automatic,6,100,37414.6
CAR_473,Honda,Model_H,2020,82005,Electric,Manual,4,100,5000.0
CAR_474,Mercedes,Model_M,2024,141158,Diesel,Manual,4,100,37823.2
CAR_475,Toyota,Model_T,2017,51278,Petrol,Manual,5,100,5000.0
CAR_476,Ford,Model_F,2019,118507,Electric,Manual,3,100,5000.0
CAR_477,Tesla,Model_T,2019,73128,Hybrid,Automatic,4,100,31138.2
CAR_478,Honda,Model_H,2017,70687,Hybrid,Manual,5,100,5000.0
CAR_479,Tesla,Model_T,2022,28994,Petrol,Manual,6,100,42395.6
CAR_480,Toyota,Model_T,2017,75079,Hybrid,Manual,6,100,5000.0
CAR_481,Toyota,Model_T,2017,87246,Electric,Manual,10,100,5000.0
CAR_482,Audi,Model_A,2024,110708,Hybrid,Manual,6,100,37851.2
CAR_483,Tesla,Model_T,2016,62326,Diesel,Manual,6,100,26563.4
CAR_484,BMW,Model_B,2020,28060,Electric,Automatic,1,100,39897.0
CAR_485,Mercedes,Model_M,2024,84701,Petrol,Automatic,1,100,41980.9
CAR_486,Tesla,Model_T,2011,93996,Diesel,Manual,7,100,15060.4
CAR_487,BMW,Model_B,2014,135926,Diesel,Automatic,4,100,18169.4
CAR_488,Mercedes,Model_M,2017,102832,Electric,Automatic,10,100,23781.8
CAR_489,Mercedes,Model_M,2019,61912,Petrol,Manual,6,100,32454.800000000003
CAR_490,Mercedes,Model_M,2014,26749,Hybrid,Automatic,9,100,27752.1
CAR_491,Mercedes,Model_M,2010,34863,Petrol,Automatic,2,100,18517.7
CAR_492,Audi,Model_A,2013,128114,Electric,Manual,1,100,15634.599999999999
CAR_493,Mercedes,Model_M,2022,37801,Hybrid,Manual,11,100,41652.9
CAR_494,Mercedes,Model_M,2018,132908,Diesel,Automatic,4,100,25707.199999999997
CAR_495,Tesla,Model_T,2012,146541,Diesel,Automatic,2,100,11854.9
CAR_496,Toyota,Model_T,2013,59184,Electric,Automatic,11,100,5000.0
CAR_497,BMW,Model_B,2022,98679,Hybrid,Automatic,9,100,34719.1
CAR_498,BMW,Model_B,2020,43952,Hybrid,Automatic,5,100,37115.8
CAR_499,BMW,Model_B,2010,13165,Petrol,Manual,4,100,19220.5
CAR_500,Honda,Model_H,2019,21817,Hybrid,Manual,4,100,8388.3
CAR_501,Mercedes,Model_M,2012,116241,Petrol,Automatic,11,100,13764.9
CAR_502,BMW,Model_B,2023,58869,Diesel,Automatic,3,100,43990.1
CAR_503,BMW,Model_B,2011,131945,Electric,Automatic,11,100,9046.5
CAR_504,Audi,Model_A,2013,60979,Petrol,Automatic,8,100,21323.1
CAR_505,Toyota,Model_T,2016,148206,Diesel,Automatic,9,100,5000.0
CAR_506,BMW,Model_B,2017,94301,Diesel,Manual,7,100,28159.9
CAR_507,Mercedes,Model_M,2015,15968,Hybrid,Automatic,5,100,30155.2
CAR_508,BMW,Model_B,2013,106431,Petrol,Automatic,8,100,19105.9
CAR_509,Ford,Model_F,2020,124896,Hybrid,Automatic,5,100,5000.0
CAR_510,Honda,Model_H,2021,15699,Hybrid,Manual,6,100,11954.1
CAR_511,Tesla,Model_T,2011,60444,Hybrid,Automatic,11,100,16225.599999999999
CAR_512,Toyota,Model_T,2011,36033,Diesel,Automatic,10,100,5000.0
CAR_513,Audi,Model_A,2021,28275,Petrol,Manual,3,100,39866.5
CAR_514,Ford,Model_F,2016,24202,Diesel,Automatic,1,100,5000.0
CAR_515,Tesla,Model_T,2014,109763,Hybrid,Automatic,10,100,20934.699999999997
CAR_516,Honda,Model_H,2022,55085,Diesel,Manual,11,100,8745.5
CAR_517,Mercedes,Model_M,2022,133344,Diesel,Manual,8,100,33469.6
CAR_518,BMW,Model_B,2023,69330,Diesel,Automatic,9,100,40190.0
CAR_519,Mercedes,Model_M,2015,74975,Electric,Manual,4,100,24185.5
CAR_520,Mercedes,Model_M,2015,130190,Diesel,Manual,2,100,17451.0
CAR_521,Ford,Model_F,2024,5739,Electric,Manual,1,100,20735.1
CAR_522,Mercedes,Model_M,2012,34421,Electric,Manual,5,100,22297.9
CAR_523,BMW,Model_B,2015,18481,Electric,Automatic,4,100,30333.9
CAR_524,Toyota,Model_T,2014,127578,Electric,Automatic,9,100,5000.0
CAR_525,BMW,Model_B,2010,74107,Electric,Manual,8,100,13114.3
CAR_526,Ford,Model_F,2023,125747,Electric,Automatic,2,100,5000.0
CAR_527,Honda,Model_H,2012,42644,Petrol,Manual,4,100,5000.0
CAR_528,Honda,Model_H,2022,149771,Electric,Automatic,5,100,5000.0
CAR_529,Tesla,Model_T,2021,77127,Diesel,Manual,10,100,36819.3
CAR_530,BMW,Model_B,2023,35974,Electric,Automatic,1,100,43063.6
CAR_531,Ford,Model_F,2018,20724,Electric,Manual,8,100,5000.0
CAR_532,Toyota,Model_T,2012,108964,Petrol,Manual,4,100,5000.0
CAR_533,Honda,Model_H,2016,97674,Electric,Manual,11,100,5000.0
CAR_534,Tesla,Model_T,2011,22923,Diesel,Manual,12,100,22273.7
CAR_535,Mercedes,Model_M,2020,108686,Hybrid,Automatic,9,100,33067.4
CAR_536,Toyota,Model_T,2013,25692,Hybrid,Manual,6,100,5000.0
CAR_537,Honda,Model_H,2022,23285,Diesel,Manual,4,100,12353.5
CAR_538,BMW,Model_B,2012,53377,Diesel,Automatic,12,100,19184.3
CAR_539,Tesla,Model_T,2019,139232,Hybrid,Automatic,12,100,24344.8
CAR_540,Toyota,Model_T,2024,115848,Hybrid,Automatic,1,100,8879.199999999999
CAR_541,Tesla,Model_T,2021,7549,Petrol,Automatic,9,100,44678.1
CAR_542,Honda,Model_H,2021,143494,Electric,Automatic,1,100,5000.0
CAR_543,BMW,Model_B,2022,60804,Electric,Manual,2,100,41304.6
CAR_544,Ford,Model_F,2014,72905,Petrol,Manual,6,100,5000.0
CAR_545,Audi,Model_A,2013,121625,Electric,Manual,3,100,17116.5
CAR_546,Audi,Model_A,2013,141332,Hybrid,Manual,1,100,14381.8
CAR_547,Audi,Model_A,2022,24461,Diesel,Manual,11,100,45175.9
CAR_548,BMW,Model_B,2022,105930,Diesel,Manual,1,100,36959.0
CAR_549,Audi,Model_A,2024,68087,Electric,Automatic,2,100,42540.3
CAR_550,Toyota,Model_T,2020,120859,Petrol,Automatic,7,100,5000.0
CAR_551,Mercedes,Model_M,2015,46817,Hybrid,Manual,11,100,26811.3
CAR_552,Honda,Model_H,2015,98734,Electric,Manual,9,100,5000.0
CAR_553,Tesla,Model_T,2017,84136,Petrol,Automatic,6,100,27305.4
CAR_554,Toyota,Model_T,2014,77743,Petrol,Automatic,10,100,5000.0
CAR_555,BMW,Model_B,2010,44307,Diesel,Automatic,7,100,15618.3
CAR_556,BMW,Model_B,2010,101088,Petrol,Manual,12,100,10878.199999999999
CAR_557,Audi,Model_A,2013,38821,Electric,Automatic,4,100,25899.9
CAR_558,Audi,Model_A,2012,81511,Diesel,Automatic,1,100,17939.9
CAR_559,Toyota,Model_T,2013,13973,Hybrid,Manual,7,100,5000.0
CAR_560,Tesla,Model_T,2023,60813,Electric,Manual,6,100,42508.7
CAR_561,BMW,Model_B,2020,86226,Electric,Automatic,5,100,34205.4
CAR_562,BMW,Model_B,2014,7942,Electric,Manual,9,100,28041.8
CAR_563,BMW,Model_B,2023,73100,Petrol,Manual,4,100,41081.0
CAR_564,Mercedes,Model_M,2018,110605,Petrol,Manual,10,100,27358.5
CAR_565,Honda,Model_H,2021,52444,Diesel,Manual,8,100,8642.599999999999
CAR_566,Tesla,Model_T,2012,49546,Electric,Automatic,5,100,19874.4
CAR_567,Toyota,Model_T,2020,96847,Petrol,Manual,1,100,5000.0
CAR_568,BMW,Model_B,2012,47240,Diesel,Manual,2,100,21493.0
CAR_569,Honda,Model_H,2016,62976,Hybrid,Manual,4,100,5000.0
CAR_570,Ford,Model_F,2013,86799,Hybrid,Manual,9,100,5000.0
CAR_571,Tesla,Model_T,2016,149544,Electric,Automatic,9,100,17740.6
CAR_572,Mercedes,Model_M,2014,116902,Diesel,Manual,11,100,19916.8
CAR_573,Ford,Model_F,2015,27386,Diesel,Automatic,2,100,5000.0
CAR_574,Mercedes,Model_M,2014,52223,Electric,Manual,2,100,25007.7
CAR_575,Toyota,Model_T,2014,126916,Diesel,Manual,5,100,5000.0
CAR_576,Honda,Model_H,2021,97141,Petrol,Automatic,10,100,5000.0
CAR_577,Mercedes,Model_M,2024,96409,Electric,Automatic,10,100,42144.1
CAR_578,Audi,Model_A,2018,15784,Petrol,Automatic,4,100,37594.6
CAR_579,Audi,Model_A,2011,95099,Diesel,Manual,5,100,15500.1
CAR_580,Ford,Model_F,2021,11488,Diesel,Automatic,7,100,11653.2
CAR_581,Honda,Model_H,2012,29179,Petrol,Automatic,11,100,5000.0
CAR_582,Honda,Model_H,2022,23104,Hybrid,Manual,2,100,13356.6
CAR_583,Honda,Model_H,2017,59702,Diesel,Automatic,5,100,5000.0
CAR_584,Ford,Model_F,2011,121304,Diesel,Automatic,12,100,5000.0
CAR_585,Audi,Model_A,2021,140931,Hybrid,Automatic,7,100,28313.9
CAR_586,Honda,Model_H,2013,20325,Electric,Automatic,6,100,5000.0
CAR_587,Tesla,Model_T,2014,40804,Hybrid,Automatic,9,100,26270.6
CAR_588,Audi,Model_A,2024,99087,Diesel,Manual,2,100,40921.3
CAR_589,BMW,Model_B,2012,55736,Hybrid,Manual,6,100,21864.4
CAR_590,BMW,Model_B,2014,7124,Petrol,Manual,10,100,30487.6
CAR_591,Tesla,Model_T,2020,65633,Hybrid,Automatic,5,100,33800.7
CAR_592,Honda,Model_H,2020,7055,Diesel,Manual,5,100,10437.5
CAR_593,Mercedes,Model_M,2018,83162,Petrol,Manual,10,100,31472.8
CAR_594,Ford,Model_F,2020,31267,Petrol,Automatic,2,100,8538.3
CAR_595,Toyota,Model_T,2014,71564,Petrol,Automatic,7,100,5000.0
CAR_596,BMW,Model_B,2010,41050,Electric,Manual,6,100,17621.0
CAR_597,Mercedes,Model_M,2013,81705,Petrol,Manual,4,100,20419.5
CAR_598,BMW,Model_B,2019,46087,Petrol,Automatic,12,100,35802.3
CAR_599,Toyota,Model_T,2018,148979,Petrol,Automatic,7,100,5000.0
CAR_600,Toyota,Model_T,2023,64834,Electric,Manual,1,100,11333.599999999999
CAR_601,Tesla,Model_T,2015,136972,Diesel,Manual,12,100,19546.8
CAR_602,Audi,Model_A,2021,83564,Diesel,Automatic,2,100,36576.6
CAR_603,Mercedes,Model_M,2012,22926,Electric,Automatic,8,100,25224.4
CAR_604,Ford,Model_F,2019,104335,Petrol,Automatic,2,100,5000.0
CAR_605,BMW,Model_B,2021,130336,Diesel,Manual,6,100,29409.4
CAR_606,Toyota,Model_T,2014,70583,Electric,Manual,5,100,5000.0
CAR_607,Tesla,Model_T,2019,26393,Hybrid,Automatic,7,100,36972.7
CAR_608,Ford,Model_F,2024,110506,Diesel,Manual,1,100,7135.4
CAR_609,Tesla,Model_T,2019,32069,Diesel,Manual,12,100,38342.1
CAR_610,Honda,Model_H,2020,62742,Petrol,Manual,8,100,5000.0
CAR_611,Honda,Model_H,2021,135478,Hybrid,Automatic,4,100,5000.0
CAR_612,Audi,Model_A,2012,40759,Electric,Automatic,11,100,20113.1
CAR_613,Toyota,Model_T,2019,20122,Petrol,Manual,10,100,8467.8
CAR_614,BMW,Model_B,2017,7594,Petrol,Automatic,10,100,33493.6
CAR_615,Audi,Model_A,2012,50778,Diesel,Automatic,6,100,20504.2
CAR_616,Mercedes,Model_M,2012,116902,Hybrid,Automatic,10,100,14392.8
CAR_617,Ford,Model_F,2011,149468,Petrol,Automatic,6,100,5000.0
CAR_618,Toyota,Model_T,2023,142074,Petrol,Manual,11,100,5000.0
CAR_619,Honda,Model_H,2012,12582,Diesel,Manual,7,100,5000.0
CAR_620,Mercedes,Model_M,2016,12625,Diesel,Automatic,3,100,31385.5
CAR_621,BMW,Model_B,2020,7949,Diesel,Manual,6,100,40766.1
CAR_622,Audi,Model_A,2016,49838,Hybrid,Automatic,2,100,27544.2
CAR_623,BMW,Model_B,2018,148180,Petrol,Automatic,1,100,23925.0
CAR_624,BMW,Model_B,2012,132586,Hybrid,Automatic,8,100,12615.4
CAR_625,Tesla,Model_T,2019,59667,Petrol,Manual,1,100,34311.3
CAR_626,Ford,Model_F,2021,53943,Petrol,Automatic,6,100,10452.7
CAR_627,Tesla,Model_T,2020,142882,Diesel,Manual,2,100,27383.8
CAR_628,BMW,Model_B,2021,71041,Diesel,Automatic,5,100,36297.9
CAR_629,BMW,Model_B,2013,6362,Hybrid,Manual,3,100,27378.8
CAR_630,Honda,Model_H,2021,85601,Petrol,Automatic,5,100,5000.0
CAR_631,BMW,Model_B,2018,87307,Petrol,Automatic,9,100,29651.3
CAR_632,Ford,Model_F,2024,57310,Electric,Automatic,9,100,15028.0
CAR_633,Mercedes,Model_M,2016,20664,Electric,Manual,6,100,33314.6
CAR_634,Mercedes,Model_M,2016,45675,Petrol,Manual,6,100,30317.5
CAR_635,Ford,Model_F,2023,36349,Electric,Manual,5,100,14842.1
CAR_636,Honda,Model_H,2023,85783,Diesel,Automatic,1,100,10053.699999999999
CAR_637,Honda,Model_H,2012,68850,Diesel,Automatic,4,100,5000.0
CAR_638,Ford,Model_F,2022,149052,Electric,Automatic,10,100,5000.0
CAR_639,Tesla,Model_T,2020,26785,Diesel,Automatic,2,100,40089.5
CAR_640,Ford,Model_F,2023,12700,Diesel,Manual,8,100,15669.0
CAR_641,Audi,Model_A,2013,55202,Hybrid,Automatic,2,100,23486.8
CAR_642,Toyota,Model_T,2011,50022,Electric,Automatic,3,100,5000.0
CAR_643,Mercedes,Model_M,2019,108070,Electric,Manual,2,100,30427.0
CAR_644,Honda,Model_H,2024,125034,Diesel,Manual,1,100,7210.5999999999985
CAR_645,Ford,Model_F,2014,60643,Hybrid,Manual,8,100,5000.0
CAR_646,Ford,Model_F,2013,128040,Electric,Automatic,2,100,5000.0
CAR_647,Ford,Model_F,2012,103781,Electric,Manual,11,100,5000.0
CAR_648,Tesla,Model_T,2016,59857,Petrol,Automatic,10,100,27673.3
CAR_649,Toyota,Model_T,2023,11216,Diesel,Manual,9,100,17026.4
CAR_650,Honda,Model_H,2021,66911,Hybrid,Automatic,1,100,6726.9
CAR_651,Honda,Model_H,2018,97049,Petrol,Manual,1,100,5000.0
CAR_652,BMW,Model_B,2012,60453,Hybrid,Automatic,12,100,19097.7
CAR_653,Audi,Model_A,2016,112087,Diesel,Automatic,12,100,22166.3
CAR_654,Tesla,Model_T,2010,41314,Diesel,Automatic,4,100,15946.599999999999
CAR_655,Ford,Model_F,2013,54575,Diesel,Manual,2,100,5000.0
CAR_656,BMW,Model_B,2010,23386,Hybrid,Manual,8,100,19902.4
CAR_657,Audi,Model_A,2010,75561,Diesel,Manual,7,100,16171.9
CAR_658,Toyota,Model_T,2013,32286,Electric,Automatic,5,100,5000.0
CAR_659,Honda,Model_H,2022,60170,Hybrid,Manual,1,100,9713.0
CAR_660,Mercedes,Model_M,2023,101109,Electric,Manual,2,100,38113.1
CAR_661,Toyota,Model_T,2014,132877,Petrol,Automatic,11,100,5000.0
CAR_662,Mercedes,Model_M,2016,116462,Electric,Manual,3,100,21802.8
CAR_663,Audi,Model_A,2024,56044,Diesel,Manual,5,100,45797.6
CAR_664,Mercedes,Model_M,2018,119809,Petrol,Automatic,5,100,25048.1
CAR_665,Mercedes,Model_M,2010,17834,Diesel,Automatic,2,100,18345.6
CAR_666,Tesla,Model_T,2021,38580,Electric,Manual,4,100,42006.0
CAR_667,Audi,Model_A,2020,69889,Diesel,Automatic,11,100,35772.1
CAR_668,Ford,Model_F,2016,143147,Diesel,Manual,8,100,5000.0
CAR_669,Mercedes,Model_M,2019,28978,Petrol,Automatic,6,100,38772.2
CAR_670,BMW,Model_B,2010,37608,Diesel,Manual,12,100,18037.2
CAR_671,Honda,Model_H,2024,90391,Hybrid,Automatic,12,100,10976.9
CAR_672,Audi,Model_A,2024,68213,Hybrid,Automatic,9,100,42219.7
CAR_673,Toyota,Model_T,2023,28371,Electric,Automatic,5,100,14314.9
CAR_674,Toyota,Model_T,2019,80189,Electric,Automatic,4,100,5000.0
CAR_675,Toyota,Model_T,2010,77820,Electric,Automatic,1,100,5000.0
CAR_676,Toyota,Model_T,2021,10324,Diesel,Manual,12,100,14732.6
CAR_677,Audi,Model_A,2014,41451,Diesel,Automatic,4,100,25998.9
CAR_678,Toyota,Model_T,2020,47352,Hybrid,Automatic,1,100,6427.8
CAR_679,Mercedes,Model_M,2010,40048,Petrol,Manual,6,100,18868.2
CAR_680,BMW,Model_B,2015,100552,Hybrid,Manual,9,100,23492.8
CAR_681,Toyota,Model_T,2012,146878,Petrol,Manual,2,100,5000.0
CAR_682,Honda,Model_H,2021,7290,Electric,Automatic,5,100,13507.0
CAR_683,Audi,Model_A,2013,74993,Electric,Manual,6,100,21001.7
CAR_684,Ford,Model_F,2024,86102,Petrol,Manual,3,100,12579.8
CAR_685,Ford,Model_F,2011,7051,Petrol,Automatic,8,100,5000.0
CAR_686,Toyota,Model_T,2014,46941,Diesel,Automatic,3,100,5000.0
CAR_687,Honda,Model_H,2014,126191,Electric,Manual,8,100,5000.0
CAR_688,Audi,Model_A,2020,55923,Petrol,Manual,9,100,36748.7
CAR_689,Toyota,Model_T,2022,95030,Hybrid,Manual,2,100,6547.0
CAR_690,Honda,Model_H,2013,94199,Petrol,Automatic,10,100,5000.0
CAR_691,BMW,Model_B,2018,123831,Petrol,Automatic,12,100,25932.9
CAR_692,Honda,Model_H,2024,103775,Electric,Manual,5,100,10648.5
CAR_693,Toyota,Model_T,2017,93113,Hybrid,Automatic,10,100,5000.0
CAR_694,Toyota,Model_T,2021,88207,Petrol,Manual,2,100,5482.299999999999
CAR_695,Tesla,Model_T,2018,9106,Hybrid,Manual,3,100,39014.4
CAR_696,Mercedes,Model_M,2012,6347,Petrol,Manual,9,100,24951.3
CAR_697,Mercedes,Model_M,2018,33661,Electric,Automatic,4,100,34003.9
CAR_698,Audi,Model_A,2017,7304,Electric,Manual,4,100,33659.6
CAR_699,Toyota,Model_T,2024,20198,Petrol,Automatic,10,100,18790.2
CAR_700,Honda,Model_H,2015,94112,Diesel,Manual,6,100,5000.0
CAR_701,Honda,Model_H,2021,42902,Petrol,Manual,11,100,9416.8
CAR_702,Mercedes,Model_M,2020,77821,Hybrid,Automatic,12,100,32598.9
CAR_703,Mercedes,Model_M,2022,106359,Hybrid,Automatic,8,100,33458.1
CAR_704,BMW,Model_B,2010,109919,Hybrid,Automatic,7,100,12519.099999999999
CAR_705,Ford,Model_F,2019,16820,Electric,Automatic,8,100,9691.0
CAR_706,Toyota,Model_T,2020,109411,Diesel,Automatic,10,100,5000.0
CAR_707,Audi,Model_A,2015,123854,Petrol,Manual,5,100,18678.6
CAR_708,Mercedes,Model_M,2019,103667,Electric,Manual,3,100,28613.3
CAR_709,Mercedes,Model_M,2024,31649,Electric,Automatic,11,100,44993.1
CAR_710,BMW,Model_B,2018,47180,Electric,Automatic,2,100,33983.0
CAR_711,Honda,Model_H,2015,85210,Petrol,Automatic,6,100,5000.0
CAR_712,Audi,Model_A,2016,41032,Electric,Automatic,2,100,29337.8
CAR_713,Audi,Model_A,2011,129600,Diesel,Automatic,7,100,9888.0
CAR_714,BMW,Model_B,2013,65305,Petrol,Automatic,12,100,21749.5
CAR_715,BMW,Model_B,2017,101135,Hybrid,Automatic,8,100,27254.5
CAR_716,BMW,Model_B,2011,111902,Electric,Automatic,8,100,13739.8
CAR_717,Honda,Model_H,2016,20225,Electric,Manual,12,100,5000.0
CAR_718,Ford,Model_F,2022,137496,Electric,Automatic,1,100,5000.0
CAR_719,Ford,Model_F,2013,107698,Diesel,Manual,4,100,5000.0
CAR_720,Ford,Model_F,2019,11374,Electric,Manual,7,100,10513.6
CAR_721,Toyota,Model_T,2013,43506,Hybrid,Manual,1,100,5000.0
CAR_722,Toyota,Model_T,2011,100390,Hybrid,Automatic,6,100,5000.0
CAR_723,Audi,Model_A,2019,128504,Petrol,Manual,9,100,28272.6
CAR_724,BMW,Model_B,2024,34280,Electric,Automatic,4,100,47387.0
CAR_725,Honda,Model_H,2015,46153,Electric,Automatic,10,100,5000.0
CAR_726,Mercedes,Model_M,2020,24032,Petrol,Manual,12,100,40207.8
CAR_727,Honda,Model_H,2013,128590,Hybrid,Manual,8,100,5000.0
CAR_728,Tesla,Model_T,2023,64206,Hybrid,Automatic,10,100,41059.4
CAR_729,Mercedes,Model_M,2013,80412,Diesel,Automatic,2,100,21943.8
CAR_730,Audi,Model_A,2023,72912,Diesel,Manual,1,100,42692.8
CAR_731,Tesla,Model_T,2021,54013,Electric,Automatic,9,100,37477.7
CAR_732,Toyota,Model_T,2024,72197,Electric,Manual,5,100,11067.3
CAR_733,Tesla,Model_T,2022,145011,Petrol,Manual,4,100,32680.9
CAR_734,BMW,Model_B,2012,62612,Petrol,Automatic,9,100,21681.8
CAR_735,Toyota,Model_T,2012,133380,Diesel,Manual,10,100,5000.0
CAR_736,Mercedes,Model_M,2022,70846,Diesel,Manual,6,100,37218.4
CAR_737,Mercedes,Model_M,2023,13174,Diesel,Automatic,12,100,46252.6
CAR_738,Ford,Model_F,2019,40170,Diesel,Automatic,5,100,6680.0
CAR_739,Toyota,Model_T,2015,33310,Petrol,Manual,4,100,5000.0
CAR_740,Ford,Model_F,2021,100418,Electric,Automatic,6,100,5000.0
CAR_741,Toyota,Model_T,2021,82976,Hybrid,Manual,8,100,6878.4
CAR_742,Audi,Model_A,2017,36315,Electric,Automatic,4,100,31039.5
CAR_743,Audi,Model_A,2012,136320,Hybrid,Manual,5,100,13206.0
CAR_744,Mercedes,Model_M,2024,50515,Petrol,Manual,12,100,43990.5
CAR_745,Audi,Model_A,2015,74689,Electric,Manual,4,100,22813.1
CAR_746,Ford,Model_F,2011,70687,Electric,Manual,2,100,5000.0
CAR_747,Toyota,Model_T,2024,116880,Electric,Manual,4,100,9677.0
CAR_748,Tesla,Model_T,2023,24199,Hybrid,Automatic,4,100,47565.1
CAR_749,BMW,Model_B,2022,105339,Petrol,Manual,3,100,37353.1
CAR_750,Tesla,Model_T,2012,142161,Petrol,Automatic,10,100,13780.9
CAR_751,Honda,Model_H,2018,123546,Diesel,Manual,8,100,5000.0
CAR_752,BMW,Model_B,2014,127420,Hybrid,Manual,3,100,18063.0
CAR_753,Mercedes,Model_M,2010,96278,Electric,Manual,5,100,12166.199999999999
CAR_754,Mercedes,Model_M,2020,24999,Petrol,Manual,11,100,40054.1
CAR_755,Audi,Model_A,2017,132674,Diesel,Automatic,1,100,22361.6
CAR_756,Toyota,Model_T,2020,147470,Diesel,Automatic,2,100,5000.0
CAR_757,Honda,Model_H,2024,84244,Electric,Manual,8,100,13531.6
CAR_758,BMW,Model_B,2023,69268,Hybrid,Manual,10,100,40370.2
CAR_759,Honda,Model_H,2010,97651,Diesel,Manual,1,100,5000.0
CAR_760,BMW,Model_B,2017,29524,Electric,Automatic,10,100,34306.6
CAR_761,Ford,Model_F,2014,16896,Petrol,Manual,3,100,5000.0
CAR_762,Audi,Model_A,2020,103751,Electric,Automatic,2,100,31415.9
CAR_763,BMW,Model_B,2012,65353,Electric,Manual,6,100,20114.7
CAR_764,Toyota,Model_T,2013,110943,Petrol,Manual,5,100,5000.0
CAR_765,Audi,Model_A,2018,118208,Electric,Manual,10,100,27576.199999999997
CAR_766,Tesla,Model_T,2021,14328,Electric,Manual,11,100,42294.2
CAR_767,Honda,Model_H,2015,100451,Petrol,Automatic,8,100,5000.0
CAR_768,Audi,Model_A,2016,32213,Diesel,Manual,11,100,32042.7
CAR_769,Ford,Model_F,2014,56698,Petrol,Automatic,10,100,5000.0
CAR_770,Audi,Model_A,2023,62016,Diesel,Automatic,10,100,40718.4
CAR_771,Toyota,Model_T,2011,109686,Electric,Automatic,1,100,5000.0
CAR_772,Audi,Model_A,2014,94718,Hybrid,Automatic,11,100,20518.199999999997
CAR_773,Honda,Model_H,2023,113915,Hybrid,Automatic,8,100,8478.5
CAR_774,Audi,Model_A,2014,112111,Hybrid,Automatic,12,100,19817.9
CAR_775,Tesla,Model_T,2012,62130,Diesel,Automatic,11,100,18744.0
CAR_776,Ford,Model_F,2017,102716,Diesel,Manual,7,100,5000.0
CAR_777,Toyota,Model_T,2010,114825,Diesel,Manual,12,100,5000.0
CAR_778,Toyota,Model_T,2011,49322,Petrol,Manual,10,100,5000.0
CAR_779,Tesla,Model_T,2024,7783,Hybrid,Automatic,3,100,48178.7
CAR_780,Ford,Model_F,2017,97724,Hybrid,Manual,10,100,5000.0
CAR_781,BMW,Model_B,2022,77999,Petrol,Manual,4,100,37434.1
CAR_782,Honda,Model_H,2019,144045,Electric,Manual,12,100,5000.0
CAR_783,Audi,Model_A,2014,51479,Diesel,Automatic,2,100,26089.1
CAR_784,BMW,Model_B,2013,71826,Diesel,Automatic,9,100,21976.4
CAR_785,BMW,Model_B,2014,44382,Electric,Manual,11,100,24531.8
CAR_786,Mercedes,Model_M,2020,110729,Electric,Automatic,4,100,30983.1
CAR_787,Honda,Model_H,2022,122762,Hybrid,Manual,3,100,5000.0
CAR_788,Audi,Model_A,2014,148019,Petrol,Manual,3,100,17184.1
CAR_789,Mercedes,Model_M,2024,87738,Electric,Manual,4,100,39943.2
CAR_790,Audi,Model_A,2017,43916,Hybrid,Manual,8,100,31236.4
CAR_791,Honda,Model_H,2010,73911,Petrol,Automatic,11,100,5000.0
CAR_792,Audi,Model_A,2017,115962,Diesel,Manual,8,100,23011.8
CAR_793,Mercedes,Model_M,2018,125726,Hybrid,Manual,10,100,27307.4
CAR_794,Mercedes,Model_M,2016,72585,Petrol,Manual,5,100,26416.5
CAR_795,Audi,Model_A,2018,136334,Hybrid,Manual,9,100,25197.6
CAR_796,Honda,Model_H,2010,108134,Petrol,Automatic,6,100,5000.0
CAR_797,Tesla,Model_T,2022,75465,Electric,Automatic,2,100,36471.5
CAR_798,Audi,Model_A,2012,83489,Petrol,Automatic,4,100,17956.1
CAR_799,BMW,Model_B,2020,99687,Diesel,Manual,4,100,31745.3
CAR_800,Mercedes,Model_M,2015,116007,Hybrid,Automatic,9,100,19673.3
CAR_801,Tesla,Model_T,2017,145091,Diesel,Automatic,10,100,21352.9
CAR_802,Audi,Model_A,2020,140510,Hybrid,Manual,3,100,26898.0
CAR_803,Ford,Model_F,2012,147959,Electric,Automatic,6,100,5000.0
CAR_804,Mercedes,Model_M,2019,141795,Electric,Manual,6,100,25366.5
CAR_805,Audi,Model_A,2010,111856,Petrol,Automatic,5,100,10979.4
CAR_806,Honda,Model_H,2022,114876,Petrol,Automatic,4,100,5000.0
CAR_807,Ford,Model_F,2017,75290,Petrol,Automatic,9,100,5000.0
CAR_808,Toyota,Model_T,2012,67677,Electric,Manual,5,100,5000.0
CAR_809,Honda,Model_H,2017,21860,Electric,Manual,10,100,5444.0
CAR_810,Ford,Model_F,2015,37685,Diesel,Automatic,11,100,5000.0
CAR_811,Mercedes,Model_M,2011,47217,Petrol,Automatic,2,100,19623.3
CAR_812,Ford,Model_F,2011,57881,Hybrid,Manual,9,100,5000.0
CAR_813,Audi,Model_A,2015,25860,Petrol,Automatic,11,100,28297.0
CAR_814,Mercedes,Model_M,2020,60257,Diesel,Manual,8,100,34057.3
CAR_815,Audi,Model_A,2017,81568,Diesel,Manual,5,100,28860.2
CAR_816,Tesla,Model_T,2015,24338,Hybrid,Manual,7,100,29813.2
CAR_817,Ford,Model_F,2024,18923,Diesel,Automatic,12,100,17495.7
CAR_818,Mercedes,Model_M,2024,99085,Electric,Manual,11,100,38662.5
CAR_819,Toyota,Model_T,2011,111486,Petrol,Automatic,1,100,5000.0
CAR_820,Ford,Model_F,2012,100225,Hybrid,Automatic,8,100,5000.0
CAR_821,Audi,Model_A,2013,71976,Electric,Manual,6,100,19001.4
CAR_822,Mercedes,Model_M,2016,61652,Hybrid,Manual,2,100,28482.8
CAR_823,Honda,Model_H,2022,110629,Hybrid,Manual,7,100,6579.0999999999985
CAR_824,Ford,Model_F,2019,130699,Hybrid,Manual,9,100,5000.0
CAR_825,Mercedes,Model_M,2012,123386,Diesel,Manual,5,100,14247.4
CAR_826,Mercedes,Model_M,2012,92491,Hybrid,Manual,3,100,15983.900000000001
CAR_827,BMW,Model_B,2014,9974,Petrol,Automatic,2,100,27931.6
CAR_828,Honda,Model_H,2012,85552,Electric,Automatic,2,100,5000.0
CAR_829,BMW,Model_B,2013,77354,Electric,Manual,6,100,21393.6
CAR_830,Tesla,Model_T,2019,77969,Petrol,Manual,11,100,30986.1
CAR_831,Audi,Model_A,2020,139004,Hybrid,Manual,7,100,26923.6
CAR_832,Tesla,Model_T,2012,38660,Petrol,Manual,2,100,23159.0
CAR_833,Mercedes,Model_M,2024,133781,Hybrid,Manual,5,100,36233.9
CAR_834,Audi,Model_A,2023,82182,Electric,Automatic,12,100,39273.8
CAR_835,Toyota,Model_T,2011,17862,Electric,Manual,6,100,5000.0
CAR_836,BMW,Model_B,2023,126899,Petrol,Manual,9,100,35397.1
CAR_837,Ford,Model_F,2024,36021,Diesel,Automatic,6,100,16378.900000000001
CAR_838,Tesla,Model_T,2014,136953,Hybrid,Automatic,12,100,15043.699999999999
CAR_839,Toyota,Model_T,2015,121509,Petrol,Manual,4,100,5000.0
CAR_840,Audi,Model_A,2017,39559,Electric,Manual,5,100,33025.1
CAR_841,BMW,Model_B,2016,119607,Hybrid,Manual,7,100,20863.3
CAR_842,Mercedes,Model_M,2018,39805,Hybrid,Manual,6,100,35122.5
CAR_843,Mercedes,Model_M,2011,17925,Electric,Manual,5,100,23970.5
CAR_844,Honda,Model_H,2022,103140,Petrol,Manual,12,100,7281.0
CAR_845,Toyota,Model_T,2021,28194,Petrol,Manual,3,100,9518.6
CAR_846,Mercedes,Model_M,2015,22103,Electric,Manual,4,100,27898.7
CAR_847,BMW,Model_B,2015,70118,Electric,Manual,9,100,23254.2
CAR_848,BMW,Model_B,2013,85778,Hybrid,Automatic,11,100,17842.199999999997
CAR_849,BMW,Model_B,2024,94366,Petrol,Manual,6,100,41602.4
CAR_850,BMW,Model_B,2021,37223,Electric,Manual,12,100,42250.7
CAR_851,Tesla,Model_T,2012,74328,Electric,Manual,10,100,20058.2
CAR_852,Tesla,Model_T,2021,79602,Petrol,Manual,9,100,36940.8
CAR_853,Mercedes,Model_M,2015,96225,Hybrid,Manual,8,100,23124.5
CAR_854,Audi,Model_A,2016,134836,Hybrid,Manual,4,100,19008.4
CAR_855,Honda,Model_H,2010,25648,Hybrid,Manual,2,100,5000.0
CAR_856,Toyota,Model_T,2022,44174,Electric,Automatic,9,100,13129.599999999999
CAR_857,Audi,Model_A,2018,84906,Petrol,Automatic,10,100,30717.4
CAR_858,Audi,Model_A,2023,27990,Electric,Manual,10,100,44600.0
CAR_859,Honda,Model_H,2023,37548,Petrol,Manual,10,100,14291.2
CAR_860,Toyota,Model_T,2014,95911,Electric,Automatic,9,100,5000.0
CAR_861,Tesla,Model_T,2023,36290,Electric,Manual,9,100,45340.0
CAR_862,Mercedes,Model_M,2022,56033,Diesel,Manual,3,100,39412.7
CAR_863,Audi,Model_A,2016,41153,Petrol,Manual,3,100,29396.7
CAR_864,Mercedes,Model_M,2013,71598,Electric,Manual,10,100,20017.2
CAR_865,Tesla,Model_T,2019,67683,Diesel,Automatic,11,100,34919.7
CAR_866,Honda,Model_H,2019,65620,Electric,Automatic,6,100,5000.0
CAR_867,Tesla,Model_T,2018,6002,Petrol,Manual,10,100,37336.8
CAR_868,Audi,Model_A,2021,33495,Electric,Automatic,3,100,39558.5
CAR_869,Tesla,Model_T,2014,41188,Hybrid,Automatic,7,100,24967.2
CAR_870,Audi,Model_A,2010,59195,Electric,Automatic,5,100,16009.5
CAR_871,Toyota,Model_T,2015,14396,Hybrid,Automatic,5,100,5000.0
CAR_872,Mercedes,Model_M,2019,11549,Hybrid,Manual,11,100,39658.1
CAR_873,Mercedes,Model_M,2018,104395,Diesel,Manual,8,100,29473.5
CAR_874,Tesla,Model_T,2012,34460,Hybrid,Manual,12,100,22617.0
CAR_875,Ford,Model_F,2022,19517,Hybrid,Manual,1,100,14874.3
CAR_876,Ford,Model_F,2011,111811,Petrol,Manual,11,100,5000.0
CAR_877,Honda,Model_H,2013,110700,Petrol,Manual,3,100,5000.0
CAR_878,Tesla,Model_T,2015,118326,Electric,Manual,6,100,18682.4
CAR_879,BMW,Model_B,2020,124062,Petrol,Automatic,10,100,29068.8
CAR_880,Audi,Model_A,2022,83652,Electric,Manual,2,100,37198.8
CAR_881,Honda,Model_H,2021,34446,Hybrid,Automatic,9,100,8616.4
CAR_882,Ford,Model_F,2022,23542,Hybrid,Manual,6,100,13337.8
CAR_883,BMW,Model_B,2019,77345,Diesel,Automatic,3,100,32256.5
CAR_884,Mercedes,Model_M,2019,112451,Diesel,Automatic,10,100,29498.9
CAR_885,Honda,Model_H,2024,124081,Petrol,Manual,8,100,8458.9
CAR_886,Audi,Model_A,2019,23714,Electric,Manual,6,100,38719.6
CAR_887,Audi,Model_A,2024,144708,Petrol,Automatic,7,100,36654.2
CAR_888,BMW,Model_B,2012,77568,Electric,Automatic,7,100,17081.2
CAR_889,Tesla,Model_T,2023,107557,Hybrid,Manual,6,100,37926.3
CAR_890,Tesla,Model_T,2013,113547,Hybrid,Manual,3,100,15107.3
CAR_891,Audi,Model_A,2012,24244,Diesel,Automatic,3,100,22426.6
CAR_892,Ford,Model_F,2014,129588,Electric,Manual,11,100,5000.0
CAR_893,Ford,Model_F,2017,115062,Diesel,Manual,10,100,5000.0
CAR_894,Audi,Model_A,2015,117679,Hybrid,Manual,5,100,20746.1
CAR_895,Ford,Model_F,2018,30743,Diesel,Automatic,10,100,5000.0
CAR_896,Mercedes,Model_M,2019,93081,Electric,Automatic,5,100,29190.9
CAR_897,Tesla,Model_T,2019,76682,Hybrid,Manual,10,100,31356.8
CAR_898,Honda,Model_H,2022,65943,Petrol,Manual,3,100,9636.7
CAR_899,Toyota,Model_T,2012,23637,Petrol,Manual,9,100,5000.0
CAR_900,Tesla,Model_T,2024,76152,Electric,Manual,7,100,42611.8
CAR_901,BMW,Model_B,2015,148815,Hybrid,Manual,12,100,15642.5
CAR_902,Ford,Model_F,2012,71805,Diesel,Automatic,3,100,5000.0
CAR_903,BMW,Model_B,2010,62485,Petrol,Manual,2,100,17622.5
CAR_904,Audi,Model_A,2023,60213,Petrol,Automatic,6,100,41272.7
CAR_905,Audi,Model_A,2017,60206,Diesel,Automatic,1,100,28431.4
CAR_906,Mercedes,Model_M,2023,17271,Petrol,Manual,9,100,44603.9
CAR_907,Audi,Model_A,2022,56368,Diesel,Automatic,10,100,41130.2
CAR_908,Audi,Model_A,2010,29940,Electric,Manual,6,100,18368.0
CAR_909,Ford,Model_F,2018,56297,Petrol,Manual,2,100,5000.0
CAR_910,Audi,Model_A,2015,31676,Diesel,Manual,2,100,28299.4
CAR_911,Tesla,Model_T,2018,141708,Hybrid,Automatic,5,100,22016.199999999997
CAR_912,BMW,Model_B,2011,51204,Diesel,Automatic,9,100,19782.6
CAR_913,Tesla,Model_T,2019,58119,Hybrid,Manual,2,100,35584.1
CAR_914,BMW,Model_B,2012,30388,Electric,Automatic,11,100,24869.2
CAR_915,Mercedes,Model_M,2010,30590,Petrol,Automatic,11,100,19012.0
CAR_916,Toyota,Model_T,2015,143623,Petrol,Manual,8,100,5000.0
CAR_917,Honda,Model_H,2011,71002,Diesel,Automatic,4,100,5000.0
CAR_918,Ford,Model_F,2015,130667,Diesel,Manual,5,100,5000.0
CAR_919,Honda,Model_H,2013,121443,Petrol,Automatic,10,100,5000.0
CAR_920,Ford,Model_F,2016,93497,Diesel,Automatic,8,100,5000.0
CAR_921,Toyota,Model_T,2021,148504,Petrol,Manual,8,100,5000.0
CAR_922,BMW,Model_B,2019,49641,Diesel,Automatic,10,100,35696.9
CAR_923,Honda,Model_H,2013,134720,Petrol,Automatic,3,100,5000.0
CAR_924,Toyota,Model_T,2024,75601,Diesel,Manual,1,100,13814.9
CAR_925,Audi,Model_A,2020,13327,Electric,Manual,5,100,39859.3
CAR_926,Ford,Model_F,2010,68899,Electric,Manual,6,100,5000.0
CAR_927,Mercedes,Model_M,2019,107418,Diesel,Manual,11,100,27749.199999999997
CAR_928,BMW,Model_B,2017,82048,Electric,Automatic,3,100,28295.199999999997
CAR_929,Audi,Model_A,2023,48163,Electric,Manual,11,100,42959.7
CAR_930,Toyota,Model_T,2021,60913,Hybrid,Automatic,2,100,6976.7
CAR_931,Honda,Model_H,2023,83108,Hybrid,Automatic,12,100,9597.199999999999
CAR_932,Ford,Model_F,2016,111512,Hybrid,Manual,5,100,5000.0
CAR_933,Tesla,Model_T,2020,148286,Diesel,Manual,10,100,28203.4
CAR_934,Audi,Model_A,2020,71803,Petrol,Automatic,4,100,35800.7
CAR_935,BMW,Model_B,2017,56265,Electric,Automatic,12,100,30415.5
CAR_936,Mercedes,Model_M,2013,32723,Diesel,Automatic,5,100,23493.7
CAR_937,Audi,Model_A,2024,104445,Petrol,Manual,2,100,37988.5
CAR_938,Honda,Model_H,2024,41204,Petrol,Manual,6,100,14455.599999999999
CAR_939,Ford,Model_F,2016,110878,Petrol,Manual,11,100,5000.0
CAR_940,Honda,Model_H,2018,16454,Petrol,Automatic,6,100,5127.6
CAR_941,Tesla,Model_T,2012,68780,Electric,Manual,7,100,20593.0
CAR_942,Toyota,Model_T,2014,52344,Hybrid,Manual,2,100,5000.0
CAR_943,Tesla,Model_T,2018,89687,Electric,Automatic,12,100,30823.3
CAR_944,Mercedes,Model_M,2015,114815,Petrol,Automatic,3,100,20098.5
CAR_945,Toyota,Model_T,2011,11176,Diesel,Manual,7,100,5000.0
CAR_946,Mercedes,Model_M,2011,80354,Diesel,Automatic,9,100,16500.6
CAR_947,Tesla,Model_T,2023,73657,Hybrid,Manual,2,100,40304.3
CAR_948,Mercedes,Model_M,2019,86377,Diesel,Automatic,5,100,30653.3
CAR_949,Audi,Model_A,2017,89378,Electric,Automatic,12,100,27110.199999999997
CAR_950,Mercedes,Model_M,2023,119951,Petrol,Manual,4,100,34274.9
CAR_951,BMW,Model_B,2011,61369,Petrol,Automatic,12,100,15929.099999999999
CAR_952,Honda,Model_H,2020,69756,Electric,Manual,6,100,5000.0
CAR_953,Audi,Model_A,2024,56200,Diesel,Automatic,11,100,45345.0
CAR_954,BMW,Model_B,2010,129416,Electric,Manual,3,100,9593.4
CAR_955,Honda,Model_H,2017,146267,Electric,Manual,4,100,5000.0
CAR_956,BMW,Model_B,2017,116857,Diesel,Automatic,1,100,23676.3
CAR_957,Audi,Model_A,2020,81680,Petrol,Automatic,8,100,32139.0
CAR_958,BMW,Model_B,2010,73679,Petrol,Manual,7,100,15782.099999999999
CAR_959,Ford,Model_F,2019,23874,Hybrid,Manual,12,100,7661.6
CAR_960,Audi,Model_A,2010,25028,Petrol,Manual,8,100,19361.2
CAR_961,Audi,Model_A,2013,94425,Diesel,Manual,11,100,19878.5
CAR_962,Toyota,Model_T,2014,118338,Hybrid,Manual,4,100,5000.0
CAR_963,BMW,Model_B,2016,98824,Hybrid,Manual,11,100,24801.6
CAR_964,Tesla,Model_T,2024,11002,Diesel,Manual,9,100,49631.8
CAR_965,BMW,Model_B,2011,30863,Hybrid,Automatic,4,100,20011.7
CAR_966,Toyota,Model_T,2022,125334,Diesel,Automatic,6,100,5000.0
CAR_967,Mercedes,Model_M,2017,106375,Diesel,Automatic,8,100,24732.5
CAR_968,BMW,Model_B,2020,79446,Electric,Automatic,7,100,32411.4
CAR_969,Audi,Model_A,2010,84227,Petrol,Automatic,4,100,11639.3
CAR_970,Tesla,Model_T,2020,131779,Diesel,Automatic,5,100,28183.1
CAR_971,Toyota,Model_T,2014,69156,Hybrid,Automatic,4,100,5000.0
CAR_972,Ford,Model_F,2012,11790,Petrol,Automatic,7,100,5000.0
CAR_973,Audi,Model_A,2023,68800,Hybrid,Manual,7,100,41365.0
CAR_974,Tesla,Model_T,2021,75300,Electric,Manual,6,100,35206.0
CAR_975,BMW,Model_B,2020,143174,Hybrid,Automatic,12,100,28127.6
CAR_976,Toyota,Model_T,2014,102020,Electric,Manual,5,100,5000.0
CAR_977,Honda,Model_H,2010,147655,Hybrid,Automatic,7,100,5000.0
CAR_978,Tesla,Model_T,2019,110798,Petrol,Automatic,6,100,30889.199999999997
CAR_979,Tesla,Model_T,2012,133804,Diesel,Manual,11,100,13763.599999999999
CAR_980,Toyota,Model_T,2012,141629,Hybrid,Automatic,12,100,5000.0
CAR_981,Audi,Model_A,2011,146617,Diesel,Automatic,6,100,9216.3
CAR_982,Ford,Model_F,2013,67505,Hybrid,Manual,7,100,5000.0
CAR_983,Honda,Model_H,2015,74430,Diesel,Automatic,7,100,5000.0
CAR_984,Mercedes,Model_M,2021,130101,Petrol,Manual,3,100,29479.9
CAR_985,Mercedes,Model_M,2016,56303,Diesel,Automatic,1,100,30068.7
CAR_986,Audi,Model_A,2018,141473,Petrol,Manual,4,100,23405.699999999997
CAR_987,Ford,Model_F,2011,41889,Diesel,Automatic,9,100,5000.0
CAR_988,BMW,Model_B,2020,47104,Hybrid,Automatic,5,100,37494.6
CAR_989,Honda,Model_H,2018,81462,Diesel,Automatic,7,100,5000.0
CAR_990,Audi,Model_A,2010,94738,Petrol,Automatic,10,100,11582.199999999999
CAR_991,BMW,Model_B,2022,77559,Petrol,Automatic,7,100,36797.1
CAR_992,Toyota,Model_T,2016,143546,Petrol,Manual,7,100,5000.0
CAR_993,BMW,Model_B,2018,133235,Diesel,Manual,9,100,22945.5
CAR_994,Audi,Model_A,2020,68993,Hybrid,Manual,11,100,35338.7
CAR_995,Tesla,Model_T,2015,80182,Electric,Manual,5,100,25268.8
CAR_996,Mercedes,Model_M,2013,6612,Hybrid,Automatic,9,100,25976.8
CAR_997,Mercedes,Model_M,2011,29429,Hybrid,Automatic,5,100,21048.1
CAR_998,Tesla,Model_T,2018,20066,Hybrid,Manual,10,100,36962.4
CAR_999,Honda,Model_H,2010,126225,Diesel,Automatic,10,100,5000.0
